Jan 2024 BFC Open Tournament Fencers,Rating,Score
Yathin Modulla,B23
Joshua Hutto,A23
Reis Gordon,B21
Ethan Madison,A21
Wyatt Elliott,C23
Patrick Malloy,A23
Maxwell Wang,A23
Everett Alley,C23
Audrey Nguyen,C23
Kason Lin,C23
Eli Williams,D24
Konnor Carrie,E23
Edward Calinsky,C23
Hannah Brown,C23
Jones Moynihan,U+
Douglas Krafft,E22
Elinda Liu,D23
Matthew Sundquist,C23
Kushal Patel,C23
John Parcelewicz,C23
William Ray,C23
Stefan Kertesz,D23
Colin Cordova,E23
Yunhao Liu,U
Matt Brown,E21
Tillman Ford,D23
Ryan Puvalowski,U
Christopher Rester,E23
Mason Howse,E24
Adder Clemons,U
Adam Soper,D23
Bennett Ogle,U
Marleigh Belcher,U
Rania Masri,U
Thomas Chalmers,U
Matthew Macaluso,U