Jan 2024 BFC Div2 Tournament Fencers,Rating,Score
Wyatt Elliott,C24
Konnor Carrie,E23
Tillman Ford,D23
Matthew Sundquist,C23
Elinda Liu,D23
Alexander Skowronski,U+
Eli Williams,D24
Everett Alley,C24
Edward Calinsky,C23
Kushal Patel,C23
Douglas Krafft,E24
Matt Brown,E21
John Parcelewicz,C23
Jack Riley Armistead,C22
Christopher Rester,E23
Stefan Kertesz,D23
Adder Clemons,U
Adam Soper,D23
Devon Dunklin,U
Jones Moynihan,U
Paul Wynn,U
William Ray,C23
Colin Cordova,E23
Hannah Brown,C23
Yunhao Liu,U
Spencer Halverson,U
Lindsey Haas,U
Marleigh Belcher,u
Rania Masri,u