Mar 2024 GT Open Tournament Fencers,Rating,Score
Joshua Riggins,C24
Sebastian Glennon,B24
Reis Gordon,B24
Maxwell Wang,A23
Omar Jaafar,B22
Joseph Oliverius,A22
Alec Zhou,C23
Ian Shaw,B23
Yathin Modulla,B24
Andy Sungmoon Shin,A24
Christian Norman,B22
Akhil Sarikonda,B22
Ho Daniel Jung,B23
Hayden Trebon,A23
Eric Zhang,C23
Wyatt Elliott,C24
Dominick Vaccaro,B22
Adam Kulikowski,C22
Saqlain Awan,C22
Milo Ferrara,U+
Audrey Nguyen,C23
Arjun Ravi,D23
Bryan Wang,B23
Kason Lin,C24
Everett Alley,C24
Brandon Hwang,U+
Wayne Frey,C23
Aidan Wang,B22
James Jackson,B22
Hannah Brown,C23
John Parcelewicz,C23
Jacob Danzig,A22
Avery Corley,E22
Stuart Bernstein,D23
Aidan Labrozzi,C24
Blake Woolley,B21
Reggie Turk,E22
Dylan Liu,C23
Chad Scales,B22
Margaret Mihill,E23
Noah Shafritz,D23
Aidan Hwang,U+
John Pavlinec,E23
Sophia Hawkins,E24
Eli Williams,D24
Jacob Webb,C23
Konnor Carrie,E24
Jack Krieger,D24
Evan Tucker,E24
Zainuddin Karriem,U+
Devon Dunklin,U+
Winston Lee,U+
Arisu Jeong,D24
Karel Ziminsky,C20
Adam Demaree,D23
Jason Kwon,E23
Elijah Bolle,E23
Mehrdad Adibzadeh,E23
John McFarland,D23
Dave Aton,D22
Jonah Davis,C24
Harry Jiang,E23
Andrew Park,U
Nolan Rockwell,E23
Hamza Jaafar,D23
Jordan Chen,U
Zackery Hayes,E23
Daksh Reddy,E24
Arjun Iyer,U
Darby Edwards,D21
Aaron Lee,U
Angela Wandmacher Guerrero,U
Kelly Davis,D23
Alexander Davidenko,U
Sangone Kim,U
Jordan Sanchez,U
Adam Bell,E23
Carson Weddle,E23
Brendon Agee,U
Maggie Armes,U
Lauren Kim,U
Alex Zhou,U
Landon Pete,U
Aidan Knox,U
Elijah Valenzuela,U
Caterina Fratta,U
Julia Baskin,u
Mattie Ford,u
Arina Tymofieieva,u
John Douglas,u
Phoenix Cross,u