Apr 2024 OFC Open Tournament Fencers,Rating,Score
Houston Fullerton,A23
Jacob Danzig,A22
Maxwell Wang,A23
Audrey Nguyen,C24
Joshua Hutto,A24
Kason Lin,C24
Ho Daniel Jung,B23
Yathin Modulla,B24
Akhil Sarikonda,B22
Andy Sungmoon Shin,A24
Sidhansh Yanamandra,C23
Bryan Wang,B23
Adam Kulikowski,C22
Arisu Jeong,D24
Eric Zhang,C23
Jason Kwon,E23
Jack Cui,D22
Daksh Reddy,E24
Jacob Webb,C23
Jack Krieger,D24
Hubert Nguyen,E24
Alex Zhou,U+
Aidan Hwang,U+
Elinda Liu,D23
Dave Aton,D22
Alexander Davidenko,U
Brandon Hwang,U
Ethan Tam,E22
Michael Kucia,D24
Asher Bedulla,U
Roni Ilenre,E23
Aadi Jain,U
Evan Tucker,E24
Sangone Kim,U
Leontine Chavez,U