Oct 2024 UTK Open Tournament Fencers,Rating,Score
Thomas Chalmers,E24
Matthew Sundquist,C24
Rafael Bonilha-Van't Hof,E23
Logan Urbanski,U+
Arnav Singh,D23
Brian Kemle,D24
Phoenix Babbitt,U+
Brennan Buzinkai,E24
Paige Bedworth,E22
Eli Williams,C24
Tim Edwards,C23
Soren Johnson,C24
William Drewry,E24
Joshua Lim,B22
Zainuddin Karriem,E24
Ross McNary,U
John Tomasi,U
Konnor Carrie,D24
Stephen Shellabarger,E22
Sean McNary,D24
Gordon Sayler,E24
Landon Pete,D24
Ethan Planas,U
John Barrett,U
Jordan Parker,U
Alexander Craig,U
Oleksii Zivenko,U
Luna Seaton,U
Nolan Robertson,U
Samuel Hauser,U
Drew Derringer,U
Zackery Hayes,E23
Alexander MacGregor,U
Mae Carruth,U
Maya Brock,U
Marcia Pierce,D21
Alexandra Drewry,U
Robert Pierce,U
Christopher Watkins,u
Jackson Heinley,u
John Benjamin,u