Oct 2024 UTK Div3 Tournament Fencers,Rating,Score
Devon Dunklin,U+
Brian Kemle,D24
Thomas Chalmers,E24
Konnor Carrie,D24
Gordon Sayler,E24
Zainuddin Karriem,E24
Jordan Parker,U+
Landon Pete,D24
Robert Pierce,U
Sean McNary,D24
Elijah Valenzuela,U
Samuel Arnold,U
Alexander MacGregor,U
Ross McNary,U
Mae Carruth,U
Amara Kindel,E23
Stephen Shellabarger,E22
Alexandra Drewry,U
Luna Seaton,U
John Benjamin,U
Samuel Hauser,U
Ethan Maness,U
Christopher Watkins,U
Alexander Craig,U
John Barrett,U
Jackson Heinley,U
Drew Derringer,U
Christopher Barber,u
Griffin Sayler,u
Jennifer Lein,u