Nov 2024 YJFC Open Tournament Fencers,Rating,Score
Ian Shaw,B23
Dylan Rachel,B24
Maxwell Wang,A23
Bryan Wang,B24
Audrey Nguyen,C24
Aidan Labrozzi,C24
Daniel Kim,D22
Joshua Do,D24
David Louis,U+
Evan Tucker,E24
Nathan Christie,U+
Cole Broadhead,U+
Maximus Yang,E23
Jeffrey Meredith,E24
Chandon Pierce,U
Benjamin Mo,U
Jack Krieger,C24
Davis Park,U
Ellis Eley,U
John Kinsella,U
Tyler Baker,U
Matvey Shakula,U
Vincent Kim,U
Jacob Gutierrez,U
Gabriel Imrabtene,U
Daniel Le,U
Samantha Shadoff,U
Alexander Goebel,U
Nicholas Keele,U
Amity Chen,U
Talyn Mesner,U
Arthur Huang,U
Sarah Stewart,U
Sofia Flowers,U
Pablo Chavez,U
Jacob Lin,u
Kayla Hughes,u
Ansley Davis,u
Cecil Young,u
Jacob McCord,u
Daniel Cararo,u