Jan 2025 UGA Div3 Tournament Fencers,Rating,Score
Arisu Jeong,D24
Arjun Ravi,D24
Evan Tucker,E24
Aidan Oldham,U+
Andrew Wilson,D24
Alex Zhou,E24
Matthew Hicks,E24
Daniel Kim,D24
Clayton Olson,D24
Nicholas Arzt,D24
Oscar Liu,D23
Alex Wright,D24
Brandon Hwang,D24
Brian Kemle,D24
Chandon Pierce,U+
Robert Garber,D23
Matthew Bernstein,E24
Jemi Tak,E24
Alexander Macgregor,U
Pranav Raghu,U
Jeffrey Meredith,E24
Winston Lee,U
Andrew Park,U
Cole Sottile,E24
Maximilian Geissler,U
Ellis Eley,U
Avishi Pariente,U
Sean Lee,U
Alejandro Erize,U
Noah Sigg,U
Steven Yu,U
Tyler Gemmell,E24
Georgia Cates,U
Aaron Wang,U
Nathaniel Kauzlarich,U
Grayson Grant,U
Hiago Lepesqueur,U
Bryan Guevara,U
Sangone Kim,U
Rahul Menon,U
Arthur Huang,U
Daksh Reddy,E24
Anna Le Blanc,U
Michael Banja,U
Sarah Kim,u