Jan 2025 UGA Open Tournament Fencers,Rating,Score
Donovan Munlin,A24
Houston Fullerton,A24
Robert Garber,D23
Arjun Ravi,D24
Dylan Rachel,B24
Eli Williams,C24
Yathin Modulla,B23
Maxwell Wang,A23
Andrew Park,U
Arisu Jeong,D24
Joseph Oliverius,A22
Soren Johnson,C24
Sidhansh Yanamandra,C24
Jack Krieger,C24
Hakjae Oh,C24
Gareth Payne,C24
Aidan Hwang,C24
Keegan Ellington,B23
Kason Lin,B24
Bryan Wang,B24
Austin Maxwell,C23
Alexander Davidenko,C24
Oscar Liu,D23
Wayne Frey,A24
ZiQiao Wang,B24
Matthew Bernstein,E24
Elinda Liu,C24
Aidan Labrozzi,C24
Christopher Lee,E24
Daksh Reddy,E24
Hiago Lepesqueur,U+
Brandon Hwang,D24
Kai Weissman,B22
Audrey Nguyen,A24
Daniel Thompson,C23
Matthew Sundquist,C24
Nicholas Arzt,D24
Jacob Webb,C24
Andrew Wilson,D24
Michael Edgecomb,C24
Winston Lee,U+
Jeffrey Meredith,E24
Landon Pete,C24
Brian Kemle,D24
Mehrdad Adibzadeh,E23
Thomas Dupree,C24
Evan Tucker,E24
Sangone Kim,U
Clayton Olson,D24
Aidan Oldham,U
Maximilian Geissler,U
Alejandro Erize,U
Cole Sottile,E24
Sean Lee,U
Eric Lange,B24
Matthew Hicks,E24
William Stephenson,U
Pranav Raghu,U
Steven Yu,U
Nathaniel Kauzlarich,U
Hubert Nguyen,D24
Enyinnaya Igwe,U
Jemi Tak,E24
Joe Hartigan,D21
Dave Aton,D22
Anna Le Blanc,U
Sarah Kim,U
Avishi Pariente,U
Georgia Cates,U
John McFarland,D23
Arthur Huang,u
Alex Zhou,E24
Josh Beau De Rochars,u
Rahul Menon,u
Grayson Grant,u
Aaron Wang,u