Feb 2025 UA Div2 Tournament Fencers,Rating,Score
Matthew Sundquist,C24
Adam Soper,C24
Thomas Chalmers,D24
Douglas Krafft,C24
Stefan Kertesz,D24
Caleb Sutton,U+
John Edwards,U+
William Meilan,U+
Oscar Liu,D25
Joshua Dong,E25
Wyatt Elliott,C25
Isaac Goins,U+
Tillman Ford,D23
Edward Calinsky,C23
Eli Williams,C24
Jay Thomas Massie,E24
Jacob Johnston,U
Christopher Watkins,U
Alexander Macgregor,U
Jackson Manning,U
Jaden Marshall,U
Jordan Parker,U
Alexis Aguillon,U
Ashley Wentworth,U
Rhiannon Von Klar,U
Patrick Fuller,U
Bennett Ogle,U
Aidan Knox,U
Robert Powers,U
Matthew Demaree,U
James Wash,u
James Hunter,u
Sophia Simpson,u
Audrey Peacock,u
Natalie Reynolds,u