Name,Rating,Score
Winston Lee,D25
Alex Zhou,E24
Daniel Kim,D24
Jonathan Adrian Alvior,D25
Michael Kucia,D24
Nicholas Arzt,D24
Daksh Reddy,E25
Jason Kwon,E24
Jemi Tak,E24
Aidan Seeds,E25
Eric Hughes,E24
Joshua Do,D24
Catherine Rafferty,D24
Wesley Marshall,D23
Clayton Olson,D24
Rahul Menon,U+
Alejandro Erize,U+
Andrew Park,E25
Oscar Liu,D25
Diego Cremona,D22
James Soranno,U+
Andrew Wilson,D25
Martin Khegay,U+
Matthew Bernstein,E25
Anthony Cupo,U+
Jeffrey Meredith,E25
Alex Wright,D24
Brandon Hwang,D24
Kieran Betts,D24
Thomas Balkir,U+
Weiman Herard,U+
Kira Benton,U+
Joseph Nguyen,U+
Taylor White,D25
Julian Batista,E25
Asher Bedulla,U+
Stella Martin,U
Dave Aton,D22
Taylor Newman,E24
Arthur Huang,U
Arielle Ligon,U
John Dailey,E24
Sophia Hawkins,E25
Madhav Karthikeyakannan,U
Mario Werth,U
Grayson Grant,U
Benjamin Taylor,U
John Douglas,U
Audrey Peacock,U
Rhiannon von Klar,U
Yunhao Liu,U
Rebecca Hahn,U
Anna Le Blanc,U
Matthew Doss,U
Cecil Young,U
Victor Ma,U
John Garrett,U
Talyn Mesner,U
Matvey Shakula,U
Michael Banja,U
Aaron Wang,u
Broderick Konkel,u
Olivia Sokolowski,u
John Barrett,u
Arina Tymofieieva,u
Sarah Kim,u