Sep 2025 OFC Div2 Tournament Fencers,Rating,Score
Jacob Malone,C25
Gareth Payne,C25
Christopher Lee,D25
Ruthvik Namireddy,E25
Michael Edgecomb,C24
Sean Lee,C25
Winston Lee,D25
Rhys Bender,C22
Jonathan Nagano,U+
Nicholas Arzt,C25
Rahul Menon,U+
Jae Shim,E25
Carlton Decker,D24
Wesley Marshall,D25
Ian Kim,U
Wesley Nguyen,U
Ryan Nam,U
Jason Kwon,E24
Shrihan Gundubogula,U
Octavius Szeto,U
Edwin Dieker,U
Matias Mendez Silva,U
Alejandro Erize,D25
Dave Aton,D22
Sana Naveen,U
Austin Guy,U
Arnav Taneja,U
Satvik Chamala,U
Scott Lee,u