Sep 2025 FCAU Unrated Tournament Fencers,Rating,Score
Hiago Lepesqueur,U+
Leo Bell,U+
Jacob Johnston,U+
James Hunter,U+
Zachary Calinsky,U+
Pierce Chandon,U+
Eunjae Lee,U+
Ashley Wentworth,U+
Ellis Eley,U
Alexander Masnica,U
Kurt Schmitkons,U
William Meilan,U
Brendan Harris,U
Phillip Retzer,U
Lindsey Haas,U
Robert Powers,U
Seth King,U
David Levine,U
James Wash,U
Micheal Banja,U
Ethan Lloyd,U
Jonah Chaillou,U
Kendall Walker,U
Zachary Gayford,U
Tobias Heselholt,U
Travis Summey,U
Jesse Rogers,U
Olivia Sokolowski,U
Robert Hord,U
Maximillian Geissler,U
Kathryn Varner,U
Antonio Christian,U
Evelyn Concannon,U
Luane Horn,U
Aidan Accornero,U
Carson Phillips,U
Sarabeth Shannon,U
Addison Wollitz,U
Rylee Herndon,u
Chloe Sanders,u
Robert Hanner,u
Samuel Carranza,u