Sep 2025 FCAU Open Tournament Fencers,Rating,Score
Reis Gordon,B24
Colin Miner,C24
John Trace Rutherfurd,C25
Matthew Sundquist,C25
Everett Alley,C24
Wyatt Elliott,C25
Aidan Knox,D25
Konnor Carrie,D25
Clayton Olson,C25
Edward Calinsky,C23
Paul Wynn,E24
Stefan Kertesz,D24
Eli Williams,C24
Zachary Calinsky,U+
Leo Bell,D25
Aidan Accornero,U
Maximilian Geissler,E25
William Meilan,U
Jacob Johnston,U
Jack Noll,U
Mario Werth,E25
David Levine,U
Jonah Chaillou,U
Sarabeth Shannon,U
Ashley Wentworth,u
Evelyn Concannon,u
Audrey Peacock,u
Elijah Valenzuela,E24
Olivia Sokolowski,u
Samuel Carranza,u