Oct 2025 UA Open Tournament Fencers,Rating,Score
Wyatt Elliott,C25
Rafael Bonilha-Van't Hof,E25
Aidan Knox,D25
Brennan Buzinkai,D24
Audrey Peacock,U+
Zachary Gayford,E25
William Meilan,U+
Tillman Ford,D23
Jacob Johnston,U
Jack Noll,U
Matthew Demaree,U
Jake Seaton,E22
Edward Calinsky,C23
Jackson Manning,U
James Hunter,U
Carson Dunkle,U
Daniel Daly,U
Lindsey Haas,U
Travis Summey,U
Carson Phillips,U
Aidan Accornero,U
John Barrett,U
Patrick Fuller,U
Keith Savannah,U
Kathryn Varner,u
Ryker Gignilliat,u
Thaddeus Foundas,u
Mosi O'Farrill,u
Henry Gillam,u