Nov 2025 FSU Open Tournament Fencers,Rating,Score
Nicholas Van Nimwegen,B24
Wyatt Elliott,C25
Aidan Knox,D25
Jacob Johnston,U+
Konnor Carrie,D25
William Meilan,E25
Cole Shively,C25
Steven Roddenberry,C25
John McFarland,C25
Gregory Coates,E25
Clayton Olson,C25
Matthew Demaree,U
Eunjae Lee,U
Travis Summey,U
Nathanael Abel,U
Mario Werth,E25
Jonah Chaillou,U
Robert Hanner,U
Carson Phillips,U
Ryker Gignilliat,U
Lindsey Haas,U
James Hunter,U
Scott Seaman,E25
Patrick Fuller,U
Aidan Accornero,U
Tegan Mott,U
Daniel Daly,U
John Benjamin,U
Benjamin Jacobs,U
Sam Lin,U
Rylee Herndon,U
Anna Le Blanc,U
Laura Sayer,U
Olivia Sokolowski,U
Jack Noll,U
Liam Hurley,u
Peyton Rooney,u