Nov 2025 FSU Div2 Tournament Fencers,Rating,Score
Wyatt Elliott,C25
Aidan Knox,D25
Konnor Carrie,D25
John McFarland,C25
Steven Roddenberry,C25
Mario Werth,E25
Joshua Johnson,E23
Gregory Coates,E25
Jacob Johnston,D25
Clayton Olson,C25
William Meilan,E25
Tillman Ford,D23
Anna Le Blanc,U
Aidan McConnell,U
Aidan Accornero,U
Daniel Daly,U
James Hunter,U
Travis Summey,U
Paul Wynn,E24
Ryker Gignilliat,U
Matthew Demaree,U
Benjamin Jacobs,U
Olivia Sokolowski,U
Jonah Chaillou,U
Liam Hurley,U
Tegan Mott,U
John Benjamin,U
Jack Noll,U
Carson Phillips,U
Nathanael Abel,U
Lindsey Haas,U
Robert Hanner,U
Marian Deeney,U
Eunjae Lee,U
Laura Sayer,u
Rylee Herndon,u