Dec 2025 PFA Div4 Tournament Fencers,Rating,Score
Andrew Chen,U+
Alexander Zielinski,E24
Luke Loudon,U+
Asher Harkins,U+
Joseph Nguyen,U+
Abigail Huff,U+
Evan Tucker,E25
Audrey Peacock,U
Chanmin You,U
John Edwards,E25
Remie Bourque,U
Cole Sottile,E24
Jordan Parker,U
James Hunter,U
Carson Phillips,U
Jeff Steele,U
Robert Hanner,U
John Makowski,U
Ben Ragland,U
Kellen Cao,U
Malik Purefoy,U
Eunjae Lee,U
Emma Housmans,U
Lindsey Haas,U
Travis Summey,U
Jackson Harris,U
James Wash,U
Jonathan Songsy,u
Alexandra Drewry,u
Opal Lehman,u
Isaac Safran,u
Rylee Herndon,u