Feb 2026 SIFA Open Men's Tournament Fencers,Rating,Score
Davin Meggers,B25
Ghaleb Sarsour,U+
Everett Alley,C24
Patrick Feagin,E22
André Emden,B25
Aidan Knox,D25
Vishwa Munagapati,E25
Jacksen Alexander,B25
Jonah Karpf,D25
Jack Krieger,C24
Konnor Carrie,D25
Tyler Gemmell,E24
Emery Shelly,C25
Leo Cassidy,U+
Andrew Chen Wanglei,E24
Robert Powers,U
James Hunter,U
Aidan Accornero,U
John Barrett,U
Blaine Autrey,U
Alfred Ponder,U
Evan Tucker,E25
Asher Bedulla,U
William Farfour,U
Jeffrey Berkowitz,C22
Elijah Gilliam,U
Vinton Bruton,U
Hudson Fry,U
Tobias Simpson,U
Julien Ibanez,E25
Austin Whaley,U
John Kinsella,U
Chandon Pierce,E25
Maximilian Geissler,E25
John Barrett,U
Railey Estrella,U
Andy Soe Myint,U
Joseph Hicks,u
Karel Kaymak,u
Isaac Safran,u
John Land,u
Carter Wickert,u
Nathanael Abel,u