Feb 2026 Athens Div4 Men's Tournament Fencers,Rating,Score
Luke Loudon,D26
Wesley Nguyen,E26
Maximilian Geissler,E25
Joshua Johnson,E23
Josiah Kiker,U+
Nicholas Meier,U
Joseph Hicks,U
Wally Siggins,U
Alexander Zielinski,E24
Grayson Grant,U
Rahul Menon,U
Avik Basu,U
Cameron Martinez,U
Noah Sigg,U
William Meilan,E25
Shrihan Gundubogula,U
Andrew Heaton,U
Chandon Pierce,E25
James Hunter,U
Michael Banja,U
Daniel Puffenberger,E26
Andrew Collins,E26
John Kinsella,U
Michael Lowe,U
Carson Phillips,U
Patrick Taurman,U
William Farfour,U
Alex Duryee,U
Isaac Marston,U
Kevin Gelsthorpe,U
Wesley Chappell,U
Justin Mann,E25
Ritvik Kunchakuri,u
Robert Hanner,u
James Wash,u