Feb 2026 Athens Open Tournament Fencers,Rating,Score
Kai Weissman,B26
Wyatt Elliott,C25
Gareth Payne,C26
Matthew Hicks,C25
Chance Gilbreth,D25
Aidan Knox,D25
Wesley Marshall,D25
Jason Kwon,E26
Daniel Thompson,C23
Ian Rickman,C24
William Meilan,E25
Thomas Dupree,B25
Luke Loudon,D26
Josiah Kiker,U+
Alex Wright,D24
Andrew Collins,E26
Nicholas Ferraro,D25
Nicholas Meier,U+
Tillman Ford,D23
Justin Mann,E25
Daniel Puffenberger,E26
Michael Edgecomb,C25
Jack Krieger,C24
William Farfour,U+
Edward Calinsky,C23
Nicholas Arzt,C26
Lexi Olender,E26
James Hunter,U+
Kevin Gelsthorpe,U+
Andrew Wilson,C25
Alexander Zielinski,E24
Isaac Marston,U
Joseph Hicks,U
Maximilian Geissler,E25
Lindsey Haas,U
Wesley Chappell,U
Andrew Heaton,U
Shrihan Gundubogula,U
Ritvik Kunchakuri,U
Audrey Peacock,U
Rahul Menon,U
Noah Sigg,U
Avik Basu,U
Robert Hanner,U
Carson Phillips,U
Wally Siggins,U
John Kinsella,U
Patrick Taurman,U
James Wash,u
Alex Duryee,u
Michael Lowe,u
Rylee Herndon,u