Mar 2026 YJFC Div3 Tournament Fencers,Rating,Score
Vishwa Munagapati,E25
Manuel Soares,U+
Ben Ragland,U+
James Soranno,U+
Giuseppe Pantalone,D26
Andrew Chen Wanglei,E24
Aidan Knox,D25
Alejandro Erize,D25
Rafael Bonilha-Van't Hof,E25
Sara Huszar,D25
Harry Jiang,E26
Daniel Kim,D24
Zainuddin Karriem,E25
Guillaume Quintin,U+
Alex Wright,D24
Daniel Hua,U+
Noah Sigg,U+
Malik Purefoy,U+
Liam Scordinsky,E26
Robert Hanner,U+
Eric Hughes,E26
Ian Kolthoff,U+
Landon Carney,E25
Konnor Carrie,D25
Grayson Grant,U+
Paul Wynn,E24
Edwin Dieker,E26
Barry Sou,U+
Nathan Xhemali,U+
Eren Aslaner,U+
Julien Ibanez,E25
James Hunter,U+
Shreyas Angadi,D24
Alfred Ponder,U
Jonah Karpf,D25
Cosette Wagner,U
Yuzheng Sun,E26
Dave Aton,D22
Maximilian Geissler,E25
Julian Batista,E26
Asher Bedulla,U
Anna Le Blanc,U
Rahul Menon,U
Michael Banja,U
John Kinsella,U
Jake Seaton,E22
Matias Mendez Silva,U
Flynn Harris,U
Meredith Clopper,U
Eunjae Lee,U
Nicholas Ferraro,D25
John Barrett,U
Shrihan Gundubogula,U
Joseph Hicks,U
John Land,U
Carson Phillips,U
Anthony Cupo,U
Travis Summey,U
Junseong Kim,U
Henry Geurtsen,U
Catherine Rafferty,D25
Apolo Song,U
Wally Siggins,U
Rachita Kawale,E25
Sophia Hawkins,D26
Blaine Autrey,U
Sydney Best,U
Shiv Garg,U
Wesley Chappell,U
Alexis Aguillon,U
Talyn Mesner,U
Nathanael Abel,U
Olivia Sokolowski,U
Evan Tucker,E25
Andy Soe Myint,U
Oliver Geurtsen,U
Maggie Piper,U
Nancy Schley,U
Luane Horn,U
Stefan Kertesz,D24
Audrey Peacock,U
Sarah Sears,U
Emma Housmans,E25
Sophia Yao,U
Ryan Muro,u
Anna Krachman,u
Anjali Tamilselvan,u
Kathryn Varner,u
Isaac Safran,u
Mike Sungjun Cho,u
David Carver,u
Rebecca Hahn,u
Srirugneth Gurram,u
Ransom Roberts,u
Veronica Karriem,u
Zara Joshi,u