Mar 2026 UAF Open Tournament Fencers,Rating,Score
Wyatt Elliott,C26
Matthew Sundquist,C25
James Hunter,U+
William Ray,C25
Aaron Burruss,D23
Spencer Halverson,E25
Hudson Fry,U+
Jacob Johnston,C25
Mario Werth,E25
Andrew Foster,U+
Aidan Knox,C26
Konnor Carrie,D26
Eli Williams,C24
Stefan Kertesz,D24
Daniel Puffenberger,D26
Lydia Chappell,U
Lucas Olson,U
John Barrett,U
Elizabeth Mervosh,U
Jackson Manning,U
Robert Hanner,U
Tobias Heselholt,U
Carson Phillips,E26
Matthew Demaree,U
Connor Banholzer,U
Nathan Jackson,U
Audrey Peacock,U
Brian Stewart,U
Jack Noll,E26
Jonah Chaillou,U
John Edwards,E25
Ryker Gignilliat,U
Travis Summey,u
Kathryn Varner,u
Faith Miller,u
Cooper Trahan,u
Aidan Accornero,u
Heidi Kolendar,u
Addison Wollitz,u