Mar 2026 SCADA Div3 Tournament Fencers,Rating,Score
Robert Garber,D26
Liam Scordinsky,D26
Joseph Nguyen,D25
Julien Ibanez,D26
Aidan Knox,C26
Evan Tucker,E26
James Soranno,D26
Chanmin You,U
Daniel Kim,D24
Patrick Taurman,U
Eric Hughes,E26
Alex Wright,D24
Tillman Ford,D23
Chandon Pierce,E25
Noah Rivera,U
Alejandro Erize,D25
Edwin Dieker,E26
Matias Mendez Silva,E26
Shrihan Gundubogula,U
Marcos Erize,U
Asher Bedulla,D25
Ben Ragland,U
Michael Banja,U
Alyssa Jasper,E25
Remie Bourque,U
Maximilian Geissler,E25