Aug 2026 MaGA Open Men's Tournament Fencers,Rating,Score
Robert Hu,A26
Kai Weissman,B26
Geoffrey Gilbreth,D25
Andrew Wilson,C26
Ethan Dzio,D25
Joshua Hutto,A24
Luke Loudon,D26
Ayrton Sako,C24
Jack Krieger,C24
Henry Fong,D26
Harry Jiang,E26
Ian Bland,B23
Wally Siggins,U
Ian Kolthoff,U
Wesley Marshall,D26
Evan Tucker,E26
Joseph Nguyen,C26
Robert Garber,D26
Clayton Olson,C25
Constantine Bezas,U
Eric Hughes,D26
Noah Sigg,D26
William Farfour,E26
Edwin Dieker,E26
Avery Corley,C26
Daniel Puffenberger,D26
Maxfield Heisler,D26
Rahul Menon,E26
Noah Rivera,U
Grayson Grant,U
Mario Werth,E25
Bennett Occhialini,U
Liam Grab,U
Wesley Chappell,U
John McFarland,C25
Paul Wynn,E24
David Carver,u
Van Bourgeois,u
Sophia Yao,u
Asher Kirk,u