Aug 2026 MaGA Div3 Tournament Fencers,Rating,Score
Edwin Dieker,C26
Mikhail Korovin,E26
Ethan Dzio,D26
Henry Fong,D26
William Fernandez,U
Constantine Bezas,U
Noah Sigg,D26
Evan Tucker,E26
Michael Banja,U
Bennett Occhialini,U
Robert Garber,D26
Noah Rivera,U
Rahul Menon,E26
Wally Siggins,U
Wesley Chappell,U
Eric Hughes,D26
Maxfield Heisler,D26
Isaac Marston,U
Keith Berryhill,U
Adrian Kosasi,U
Daniel Puffenberger,D26
Patrick Taurman,E26
Henry Geurtsen,U
David Carver,U
Sophia Yao,U
Mario Werth,E25
Liam Grab,U
Grayson Grant,U
Nathaniel Kauzlarich,U
Paul Wynn,E24
William Farfour,E26
Apolo Song,U
Levon Redman,U
Ian Kolthoff,U
Christie Paschel,u
Van Bourgeois,u
Asher Kirk,u
Camille Brinckerhoff,u
Oliver Geurtsen,u
Frederick Wintrich,u