Aug 2026 BFA Open Tournament Fencers,Rating,Score
Kushal Patel,B25
Fayzulla Alimov,O26
Wyatt Elliott,A26
Alexander Moore,B26
John Teitenberg,A25
Reis Gordon,B24
Hiago Lepesqueur,D26
Nathaniel Phillips,D25,800
Maxwell Wang,A23
Soren Johnson,C25
Brian Wang,B24
Aidan Knox,C26
Adel Pekker,C26
Carson Phillips,C26
Daniel Puffenberger,D26
Ian Bland,B26
Elizabeth Mervosh,U
Edward Kahr,D26
William Ray,C25
Mario Werth,E25
Clayton Olson,C26
Mark Adams,U
Elise Teitenberg,E26
Paul Wynn,E24
Stefan Kertesz,D24
Lucas Olson,U
Lucas Caron,U
Ali Sindberg,U
Arabelle Brown,U
Robert Hanner,U
John Barrett,U
Sarabeth Shannon,U
Travis Summey,U
Mallory Messersmith,u