Sep 2026 UFA Open Tournament Fencers,Rating,Score
Nicholas Van Nimwegen,B26
Colin Miner,C26
Alexander Finney,U,650
Aidan Knox,C26
William Meilan,E26
Anna Le Blanc,B26
William McNair,U+
Paul Wynn,E24
Wayne Frey,A24
Tillman Ford,D26
John McFarland,C25
Josiah Kiker,U+
Carson Phillips,C26
Gregory Coates,E25
John Parcelewicz,C23
Sophia Yao,U
Timothy Crosby,E25
Nathaniel Kauzlarich,U
Bryce Ford,U
Mario Werth,E25
Travis Summey,U
Nikolaus Huber,U
Ben Heald,U
Sylvan Policelli,u
Maddox Cassel,u
Van Bourgeois,u
Vincent Myers,u