Sep 2026 Athens Open Men's Tournament Fencers,Rating,Score
Avery Corley,C26
Wyatt Elliott,A26
Gareth Payne,C26
Alexander Zielinski,E24
Jack Krieger,C24
Evan Tucker,D26
Tillman Ford,D26
Joseph Nguyen,C26
William Farfour,E26
Alex Wright,D24
Eric Hughes,D26
Daniel Puffenberger,D26
Aidan Knox,C26
Carson Phillips,C26
John Kinsella,E26
Andrew Heaton,U+
Wesley Marshall,D26
James Hunter,E26
Malik Purefoy,U+,650
Divyam Patel,U
Kevin Mueller,U
Isaac Safran,U
Donovan Garrish,u
Lucas Caron,u
Joseph Hicks,E26
Benjamin Ricks,u
Julio Rivera,u