Oct 2026 FCAU Div3 Tournament Fencers,Rating,Score
Tillman Ford,D26
Daniel Puffenberger,D26
Robert Powers,U+,650
Vishwa Munagapati,D26
Devon Dunklin,E26
Hiago Lepesqueur,D26
Paul Wynn,E24
William Meilan,E26
Konnor Carrie,D26
Brendan Harris,U+
Andrew Foster,E26
Jack Noll,D26
William McNair,U+
Ian Kolthoff,U
Ali Sindberg,U
Lindsey Haas,U
Quinn Newton,U
Travis Summey,U
Elizabeth Mervosh,U
Chief Nelson,U,750
Aidan Accornero,U
Owen Simmons,U
Mikhail Korovin,D26
Dylan Guidry-Van Essen,U
Mario Werth,E25
Nicholas Miravalle,E26
Carson Dunkle,U
Robert Hanner,U
Addison Wollitz,U
Sylvan Policelli,U
James Wash,U
Maddox Cassel,U
Esther Suddeth,U
Shanna Davis,U
Chloe Sanders,U
Sarabeth Shannon,U